abandoned,0
abandonment,0
abandon,0
abase,0
abasement,0
abash,0
abate,0
abdicate,0
aberration,0
abhor,0
abhorred,0
abhorrence,0
abhorrent,0
abhorrently,0
abhors,0
abidance,1
abide,1
abject,0
abjectly,0
abjure,0
abilities,1
ability,1
able,1
abnormal,0
abolish,0
abominable,0
abominably,0
abominate,0
abomination,0
above,1
above-average,1
abound,1
abrade,0
abrasive,0
abrupt,0
abscond,0
absence,0
absentee,0
absent-minded,0
absolve,1
absurd,0
absurdity,0
absurdly,0
absurdness,0
abundant,1
abundance,1
abuse,0
abuses,0
abusive,0
abysmal,0
abysmally,0
abyss,0
accede,1
accept,1
acceptance,1
acceptable,1
accessible,1
accidental,0
acclaim,1
acclaimed,1
acclamation,1
accolade,1
accolades,1
accommodative,1
accomplish,1
accomplishment,1
accomplishments,1
accord,1
accordance,1
accordantly,1
accost,0
accountable,0
accurate,1
accurately,1
accursed,0
accusation,0
accusations,0
accuse,0
accuses,0
accusing,0
accusingly,0
acerbate,0
acerbic,0
acerbically,0
ache,0
achievable,1
achieve,1
achievement,1
achievements,1
acknowledge,1
acknowledgement,1
acquit,1
acrid,0
acridly,0
acridness,0
acrimonious,0
acrimoniously,0
acrimony,0
active,1
acumen,1
adamant,0
adamantly,0
adaptable,1
adaptability,1
adaptive,1
addict,0
addiction,0
adept,1
adeptly,1
adequate,1
adherence,1
adherent,1
adhesion,1
admirable,1
admirer,1
admirably,1
admiration,1
admire,1
admiring,1
admiringly,1
admission,1
admit,1
admittedly,1
admonish,0
admonisher,0
admonishingly,0
admonishment,0
admonition,0
adorable,1
adore,1
adored,1
adorer,1
adoring,1
adoringly,1
adrift,0
adroit,1
adroitly,1
adulate,1
adulation,1
adulatory,1
adulterate,0
adulterated,0
adulteration,0
advanced,1
advantage,1
advantageous,1
advantages,1
adventure,1
adventuresome,1
adventurism,1
adventurous,1
adversarial,0
adversary,0
adverse,0
adversity,0
advice,1
advisable,1
advocate,1
advocacy,1
affable,1
affability,1
affably,1
affectation,0
affection,1
affectionate,1
affinity,1
affirm,1
affirmation,1
affirmative,1
afflict,0
affliction,0
afflictive,0
affluent,1
affluence,1
afford,1
affordable,1
affront,0
afloat,1
afraid,0
against,0
aggravate,0
aggravating,0
aggravation,0
aggression,0
aggressive,0
aggressiveness,0
aggressor,0
aggrieve,0
aggrieved,0
aghast,0
agile,1
agilely,1
agility,1
agitate,0
agitated,0
agitation,0
agitator,0
agonies,0
agonize,0
agonizing,0
agonizingly,0
agony,0
agree,1
agreeability,1
agreeable,1
agreeableness,1
agreeably,1
agreement,1
ail,0
ailment,0
aimless,0
airs,0
alarm,0
alarmed,0
alarming,0
alarmingly,0
alas,0
alienate,0
alienated,0
alienation,0
allay,1
allegation,0
allegations,0
allege,0
allergic,0
alleviate,1
allow,1
allowable,1
allure,1
alluring,1
alluringly,1
ally,1
almighty,1
aloof,0
altercation,0
although,0
altruist,1
altruistic,1
altruistically,1
amaze,1
amazed,1
amazement,1
amazing,1
amazingly,1
ambiguous,0
ambiguity,0
ambitious,1
ambitiously,1
ambivalence,0
ambivalent,0
ambush,0
ameliorate,1
amenable,1
amenity,1
amiability,1
amiabily,1
amiable,1
amicability,1
amicable,1
amicably,1
amiss,0
amity,1
amnesty,1
amour,1
ample,1
amply,1
amputate,0
amuse,1
amusement,1
amusing,1
amusingly,1
anarchism,0
anarchist,0
anarchistic,0
anarchy,0
anemic,0
angel,1
angelic,1
anger,0
angrily,0
angriness,0
angry,0
anguish,0
annihilate,0
annihilation,0
animated,1
animosity,0
annoy,0
annoyance,0
annoyed,0
annoying,0
annoyingly,0
anomalous,0
anomaly,0
antagonism,0
antagonist,0
antagonistic,0
antagonize,0
anti-,0
anti-American,0
anti-Israeli,0
anti-Semites,0
anti-US,0
anti-occupation,0
anti-proliferation,0
anti-social,0
anti-white,0
antipathy,0
antiquated,0
antithetical,0
anxieties,0
anxiety,0
anxious,0
anxiously,0
anxiousness,0
apathetic,0
apathetically,0
apathy,0
ape,0
apocalypse,0
apocalyptic,0
apologist,0
apologists,0
apostle,1
apotheosis,1
appal,0
appall,0
appalled,0
appalling,0
appallingly,0
appeal,1
appealing,1
appease,1
applaud,1
appreciable,1
appreciate,1
appreciation,1
appreciative,1
appreciatively,1
appreciativeness,1
apprehension,0
apprehensions,0
apprehensive,0
apprehensively,0
appropriate,1
approval,1
approve,1
apt,1
aptly,1
aptitude,1
arbitrary,0
arcane,0
archaic,0
ardent,1
ardently,1
ardor,1
arduous,0
arduously,0
aristocratic,1
argue,0
argument,0
argumentative,0
arguments,0
arousal,1
arouse,1
arousing,1
arresting,1
arrogance,0
arrogant,0
arrogantly,0
articulate,1
artificial,0
ascendant,1
ascertainable,1
ashamed,0
asinine,0
asininely,0
asinininity,0
askance,0
asperse,0
aspersion,0
aspersions,0
aspiration,1
aspirations,1
aspire,1
assail,0
assassinate,0
assassin,0
assault,0
assent,1
assertions,1
assertive,1
asset,1
assiduous,1
assiduously,1
assuage,1
assurance,1
assurances,1
assure,1
assuredly,1
astonish,1
astonished,1
astonishing,1
astonishingly,1
astonishment,1
astound,1
astounded,1
astounding,1
astoundingly,1
astray,0
astute,1
astutely,1
asunder,0
asylum,1
atrocious,0
atrocities,0
atrocity,0
atrophy,0
attack,0
attain,1
attainable,1
attentive,1
attest,1
attraction,1
attractive,1
attractively,1
attune,1
audacious,0
audaciously,0
audaciousness,0
audacity,0
auspicious,1
austere,0
authentic,1
authoritarian,0
authoritative,1
autocrat,0
autocratic,0
award,1
autonomous,1
avalanche,0
avarice,0
avaricious,0
avariciously,0
avenge,0
aver,1
averse,0
aversion,0
avid,1
avidly,1
avoid,0
avoidance,0
awe,1
awed,1
awesome,1
awesomely,1
awesomeness,1
awestruck,1
awful,0
awfully,0
awfulness,0
awkward,0
awkwardness,0
ax,0
babble,0
back,1
backbite,0
backbiting,0
backbone,1
backward,0
backwardness,0
bad,0
badly,0
baffle,0
baffled,0
bafflement,0
baffling,0
bait,0
balanced,1
balk,0
banal,0
banalize,0
bane,0
banish,0
banishment,0
bankrupt,0
bar,0
barbarian,0
barbaric,0
barbarically,0
barbarity,0
barbarous,0
barbarously,0
barely,0
bargain,1
barren,0
baseless,0
bashful,0
basic,1
bask,1
bastard,0
battered,0
battering,0
battle,0
battle-lines,0
battlefield,0
battleground,0
batty,0
beacon,1
bearish,0
beast,0
beastly,0
beatify,1
beauteous,1
beautiful,1
beautifully,1
beautify,1
beauty,1
bedlam,0
bedlamite,0
befit,1
befitting,1
befoul,0
befriend,1
beg,0
beggar,0
beggarly,0
begging,0
beguile,0
belated,0
belabor,0
beleaguer,0
belie,0
believable,1
belittle,0
belittled,0
belittling,0
bellicose,0
belligerence,0
belligerent,0
belligerently,0
beloved,1
bemoan,0
bemoaning,0
bemused,0
benefactor,1
beneficial,1
beneficent,1
beneficially,1
beneficiary,1
benefit,1
benefits,1
benevolence,1
benevolent,1
benign,1
bent,0
berate,0
bereave,0
bereavement,0
bereft,0
berserk,0
beseech,0
beset,0
besiege,0
besmirch,0
best,1
best-known,1
best-performing,1
best-selling,1
bestial,0
betray,0
betrayal,0
betrayals,0
betrayer,0
better,1
better-known,1
better-than-expected,1
bewail,0
beware,0
bewilder,0
bewildered,0
bewildering,0
bewilderingly,0
bewilderment,0
bewitch,0
bias,0
biased,0
biases,0
bicker,0
bickering,0
bid-rigging,0
bitch,0
bitchy,0
biting,0
bitingly,0
bitter,0
bitterly,0
bitterness,0
bizarre,0
blab,0
blabber,0
black,0
blackmail,0
blah,0
blame,0
blameless,1
blameworthy,0
bland,0
blandish,0
blaspheme,0
blasphemous,0
blasphemy,0
blast,0
blasted,0
blatant,0
blatantly,0
blather,0
bleak,0
bleakly,0
bleakness,0
bleed,0
blemish,0
bless,1
blessing,1
blind,0
blinding,0
blindingly,0
blindness,0
blindside,0
bliss,1
blissful,1
blissfully,1
blister,0
blistering,0
blithe,1
bloated,0
block,0
blockhead,0
blood,0
bloodshed,0
bloodthirsty,0
bloody,0
bloom,1
blossom,1
blow,0
blunder,0
blundering,0
blunders,0
blunt,0
blur,0
blurt,0
boast,0
boastful,0
boggle,0
bogus,0
boil,0
boiling,0
boisterous,0
bold,1
boldly,1
boldness,1
bolster,1
bombard,0
bomb,0
bombardment,0
bombastic,0
bondage,0
bonkers,0
bonny,1
bonus,1
boom,1
booming,1
boost,1
bore,0
boredom,0
boring,0
botch,0
bother,0
bothersome,0
boundless,1
bountiful,1
bowdlerize,0
boycott,0
braggart,0
bragger,0
brains,1
brainwash,0
brainy,1
brash,0
brashly,0
brashness,0
brat,0
bravado,0
brave,1
bravery,1
brazen,0
brazenly,0
brazenness,0
breach,0
break,0
break-point,0
breakdown,0
breakthrough,1
breakthroughs,1
breathlessness,1
breathtaking,1
breathtakingly,1
bright,1
brighten,1
brightness,1
brilliance,1
brilliant,1
brilliantly,1
brimstone,0
brisk,1
bristle,0
brittle,0
broad,1
broke,0
broken-hearted,0
brood,0
brook,1
brotherly,1
browbeat,0
bruise,0
brusque,0
brutal,0
brutalising,0
brutalities,0
brutality,0
brutalize,0
brutalizing,0
brutally,0
brute,0
brutish,0
bug,0
buckle,0
bulky,0
bull,1
bullies,0
bullish,1
bully,0
bullyingly,0
bum,0
bumpy,0
bungle,0
bungler,0
bunk,0
buoyant,1
burden,0
burdensome,0
burdensomely,0
burn,0
busy,0
busybody,0
butcher,0
butchery,0
byzantine,0
cackle,0
cajole,0
calamities,0
calamitous,0
calamitously,0
calamity,0
callous,0
calm,1
calming,1
calmness,1
calumniate,0
calumniation,0
calumnies,0
calumnious,0
calumniously,0
calumny,0
cancer,0
cancerous,0
candid,1
candor,1
cannibal,0
cannibalize,0
capable,1
capability,1
capably,1
capitalize,1
capitulate,0
capricious,0
capriciously,0
capriciousness,0
capsize,0
captivate,1
captivating,1
captivation,1
captive,0
care,1
carefree,1
careful,1
careless,0
carelessness,0
caricature,0
carnage,0
carp,0
cartoon,0
cartoonish,0
cash-strapped,0
castigate,0
casualty,0
cataclysm,0
cataclysmal,0
cataclysmic,0
cataclysmically,0
catalyst,1
catastrophe,0
catastrophes,0
catastrophic,0
catastrophically,0
catchy,1
caustic,0
caustically,0
cautionary,0
cautious,0
cave,0
celebrate,1
celebrated,1
celebration,1
celebratory,1
celebrity,1
censure,0
chafe,0
chaff,0
chagrin,0
challenge,0
challenging,0
champion,1
champ,1
chaos,0
chaotic,0
charisma,0
charismatic,1
charitable,1
charity,1
charm,1
charming,1
charmingly,1
chaste,1
chasten,0
chastise,0
chastisement,0
chatter,0
chatterbox,0
cheapen,0
cheap,0
cheat,0
cheater,0
cheer,1
cheery,1
cheerful,1
cheerless,0
cherish,1
cherished,1
cherub,1
chic,1
chide,0
childish,0
chill,0
chilly,0
chit,0
chivalry,1
chivalrous,1
choppy,0
choke,0
chore,0
chronic,0
chum,1
civility,1
civilization,1
civilize,1
civil,1
clamor,0
clamorous,0
clarity,1
clash,0
classic,1
clean,1
cleanliness,1
cleanse,1
clear,1
clear-cut,1
clearer,1
clearly,1
clever,1
cliche,0
cliched,0
clique,0
clog,0
close,0
closeness,1
cloud,0
clout,1
clumsy,0
co-operation,1
coarse,0
coax,1
cocky,0
coddle,1
coerce,0
coercion,0
coercive,0
cogent,1
cohesive,1
cohere,1
coherence,1
coherent,1
cohesion,1
cold,0
coldly,0
collapse,0
collide,0
collude,0
collusion,0
colorful,1
colossal,1
combative,0
comeback,1
comedy,0
comely,1
comfort,1
comfortable,1
comfortably,1
comforting,1
comical,0
commend,1
commendable,1
commendably,1
commensurate,1
commonsense,1
commonsensible,1
commonsensibly,1
commonsensical,1
commodious,1
commiserate,0
commitment,1
commonplace,0
commotion,0
compact,1
compassion,1
compassionate,1
compatible,1
compel,0
compelling,1
compensate,1
competent,1
competence,1
competency,1
competitive,1
competitiveness,1
complacent,0
complain,0
complaining,0
complaint,0
complaints,0
complement,1
complex,0
compliant,1
complicate,0
complicated,0
complication,0
complicit,0
compliment,1
complimentary,1
comprehensive,1
compromise,1
compromises,1
compulsion,0
compulsive,0
compulsory,0
comrades,1
concede,0
conceit,0
conceited,0
conceivable,1
concern,0
concerned,0
concerns,0
concession,0
concessions,0
conciliate,1
conciliatory,1
conclusive,1
concrete,1
concur,1
condescend,0
condescending,0
condescendingly,0
condescension,0
condemn,0
condemnable,0
condemnation,0
condolence,0
condolences,0
condone,1
conducive,1
confer,1
confess,0
confession,0
confessions,0
confidence,1
confident,1
conflict,0
confound,0
confounded,0
confounding,0
confront,0
confrontation,0
confrontational,0
confuse,0
confused,0
confusing,0
confusion,0
confute,1
congenial,1
congested,0
congestion,0
congratulate,1
congratulations,1
congratulatory,1
conquer,1
conscience,1
conscientious,1
consensus,1
consent,1
considerate,1
consistent,1
console,1
conspicuous,0
conspicuously,0
conspiracies,0
conspiracy,0
conspirator,0
conspiratorial,0
conspire,0
constancy,1
consternation,0
constrain,0
constraint,0
constructive,1
consume,0
consummate,1
contagious,0
contaminate,0
contamination,0
contempt,0
contemptible,0
contemptuous,0
contemptuously,0
contend,0
content,1
contention,0
contentment,1
contentious,0
continuity,1
contort,0
contortions,0
contradict,0
contradiction,0
contradictory,0
contrariness,0
contrary,0
contravene,0
contribution,1
contrive,0
contrived,0
controversial,0
controversy,0
convenient,1
conveniently,1
conviction,1
convince,1
convincing,1
convincingly,1
convoluted,0
cooperate,1
cooperation,1
cooperative,1
cooperatively,1
coping,0
cordial,1
cornerstone,1
correct,1
correctly,1
corrode,0
corrosion,0
corrosive,0
corrupt,0
corruption,0
cost-effective,1
cost-saving,1
costly,0
counterproductive,0
coupists,0
courage,1
courageous,1
courageously,1
courageousness,1
court,1
courteous,1
courtesy,1
courtly,1
covenant,1
covetous,0
cow,0
coward,0
cowardly,0
cozy,1
crackdown,0
crafty,0
cramped,0
cranky,0
crass,0
crave,1
craven,0
cravenly,0
craving,1
craze,0
crazily,0
craziness,0
crazy,0
creative,1
credence,1
credible,1
credulous,0
crime,0
criminal,0
cringe,0
cripple,0
crippling,0
crisis,0
crisp,1
critic,0
critical,0
criticism,0
criticisms,0
criticize,0
critics,0
crook,0
crooked,0
cross,0
crowded,0
crude,0
cruel,0
cruelties,0
cruelty,0
crumble,0
crumple,0
crusade,1
crusader,1
crush,0
crushing,0
cry,0
culpable,0
cuplrit,0
cumbersome,0
cure-all,1
curious,1
curiously,1
curse,0
cursed,0
curses,0
cursory,0
curt,0
cuss,0
cut,0
cute,1
cutthroat,0
cynical,0
cynicism,0
damage,0
damaging,0
damn,0
damnable,0
damnably,0
damnation,0
damned,0
damning,0
dance,1
danger,0
dangerous,0
dangerousness,0
dangle,0
dare,1
daring,1
daringly,1
dark,0
darken,0
darkness,0
darling,1
darn,0
dash,0
dashing,1
dastard,0
dastardly,0
daunt,0
daunting,0
dauntingly,0
dauntless,1
dawdle,0
dawn,1
daydream,1
daydreamer,1
daze,0
dazed,0
dazzle,1
dazzled,1
dazzling,1
dead,0
deadbeat,0
deadlock,0
deadly,0
deadweight,0
deaf,0
deal,1
dear,1
dearth,0
death,0
debacle,0
debase,0
debasement,0
debaser,0
debatable,0
debate,0
debauch,0
debaucher,0
debauchery,0
debilitate,0
debilitating,0
debility,0
decadence,0
decadent,0
decay,0
decayed,0
deceit,0
deceitful,0
deceitfully,0
deceitfulness,0
deceiving,0
deceive,0
deceiver,0
deceivers,0
decent,1
decency,1
deception,0
deceptive,0
deceptively,0
decisive,1
decisiveness,1
declaim,0
decline,0
declining,0
decrease,0
decreasing,0
decrement,0
decrepit,0
decrepitude,0
decry,0
dedicated,1
deep,0
deepening,0
defamation,0
defamations,0
defamatory,0
defame,0
defeat,0
defect,0
defective,0
defend,1
defender,1
defensive,0
deference,1
defense,1
defiance,0
defiant,0
defiantly,0
deficiency,0
deficient,0
defile,0
defiler,0
definite,1
definitely,1
definitive,1
definitively,1
deflationary,1
deform,0
deformed,0
defrauding,0
deft,1
defunct,0
defy,0
degenerate,0
degenerately,0
degeneration,0
degradation,0
degrade,0
degrading,0
degradingly,0
dehumanization,0
dehumanize,0
deign,0
deject,0
dejected,0
dejectedly,0
dejection,0
delectable,1
delicacy,1
delicate,1
delicious,1
delight,1
delighted,1
delightful,1
delightfully,1
delightfulness,1
delinquency,0
delinquent,0
delirious,0
delirium,0
delude,0
deluded,0
deluge,0
delusion,0
delusional,0
delusions,0
demean,0
demeaning,0
demise,0
democratic,1
demolish,0
demolisher,0
demon,0
demonic,0
demonize,0
demoralize,0
demoralizing,0
demoralizingly,0
demystify,1
denial,0
denigrate,0
deny,0
denounce,0
denunciate,0
denunciation,0
denunciations,0
dependable,1
deplete,0
deplorable,0
deplorably,0
deplore,0
deploring,0
deploringly,0
deprave,0
depraved,0
depravedly,0
deprecate,0
depress,0
depressed,0
depressing,0
depressingly,0
depression,0
deprive,0
deprived,0
deride,0
derision,0
derisive,0
derisively,0
derisiveness,0
derogatory,0
desecrate,0
deserve,1
deserved,1
deservedly,1
deserving,1
desert,0
desertion,0
desiccate,0
desiccated,0
desirable,1
desire,1
desirous,1
desolate,0
desolately,0
desolation,0
despair,0
despairing,0
despairingly,0
desperate,0
desperately,0
desperation,0
despicable,0
despicably,0
despise,0
despised,0
despite,0
despoil,0
despoiler,0
despondence,0
despondency,0
despondent,0
despondently,0
despot,0
despotic,0
despotism,0
destabilisation,0
destine,1
destined,1
destinies,1
destiny,1
destitute,0
destitution,0
destroy,0
destroyer,0
destruction,0
destructive,0
desultory,0
deter,0
deteriorate,0
deteriorating,0
deterioration,0
determination,1
deterrent,0
detest,0
detestable,0
detestably,0
detract,0
detraction,0
detriment,0
detrimental,0
devastate,0
devastated,0
devastating,0
devastatingly,0
devastation,0
deviate,0
deviation,0
devil,0
devilish,0
devilishly,0
devilment,0
devilry,0
devious,0
deviously,0
deviousness,0
devoid,0
devote,1
devoted,1
devotee,1
devotion,1
devout,1
dexterity,1
dexterous,1
dexterously,1
dextrous,1
diabolic,0
diabolical,0
diabolically,0
diametrically,0
diatribe,0
diatribes,0
dictator,0
dictatorial,0
differ,0
difficult,0
difficulties,0
difficulty,0
diffidence,0
dig,1
dignified,1
dignify,1
dignity,1
digress,0
dilapidated,0
dilemma,0
diligence,1
diligent,1
diligently,1
dilly-dally,0
dim,0
diminish,0
diminishing,0
din,0
dinky,0
diplomatic,1
dire,0
direly,0
direness,0
dirt,0
dirty,0
disable,0
disabled,0
disaccord,0
disadvantage,0
disadvantaged,0
disadvantageous,0
disaffect,0
disaffected,0
disaffirm,0
disagree,0
disagreeable,0
disagreeably,0
disagreement,0
disallow,0
disappoint,0
disappointed,0
disappointing,0
disappointingly,0
disappointment,0
disapprobation,0
disapproval,0
disapprove,0
disapproving,0
disarm,0
disarray,0
disaster,0
disastrous,0
disastrously,0
disavow,0
disavowal,0
disbelief,0
disbelieve,0
disbeliever,0
discerning,1
disclaim,0
discombobulate,0
discomfit,0
discomfititure,0
discomfort,0
discompose,0
disconcert,0
disconcerted,0
disconcerting,0
disconcertingly,0
disconsolate,0
disconsolately,0
disconsolation,0
discontent,0
discontented,0
discontentedly,0
discontinuity,0
discord,0
discordance,0
discordant,0
discountenance,0
discourage,0
discouragement,0
discouraging,0
discouragingly,0
discourteous,0
discourteously,0
discredit,0
discreet,1
discrepant,0
discretion,1
discriminate,0
discriminating,1
discriminatingly,1
discrimination,0
discriminatory,0
disdain,0
disdainful,0
disdainfully,0
disease,0
diseased,0
disfavor,0
disgrace,0
disgraced,0
disgraceful,0
disgracefully,0
disgruntle,0
disgruntled,0
disgust,0
disgusted,0
disgustedly,0
disgustful,0
disgustfully,0
disgusting,0
disgustingly,0
dishearten,0
disheartening,0
dishearteningly,0
dishonest,0
dishonestly,0
dishonesty,0
dishonor,0
dishonorable,0
dishonorablely,0
disillusion,0
disillusioned,0
disinclination,0
disinclined,0
disingenuous,0
disingenuously,0
disintegrate,0
disinterested,0
disintegration,0
disinterest,0
dislike,0
dislocated,0
disloyal,0
disloyalty,0
dismal,0
dismally,0
dismalness,0
dismay,0
dismayed,0
dismaying,0
dismayingly,0
dismissive,0
dismissively,0
disobedience,0
disobedient,0
disobey,0
disown,0
disorder,0
disordered,0
disorderly,0
disorganized,0
disorient,0
disoriented,0
disparage,0
disparaging,0
disparagingly,0
dispensable,0
dispirit,0
dispirited,0
dispiritedly,0
dispiriting,0
displace,0
displaced,0
displease,0
displeasing,0
displeasure,0
disproportionate,0
disprove,0
disputable,0
dispute,0
disputed,0
disquiet,0
disquieting,0
disquietingly,0
disquietude,0
disregard,0
disregardful,0
disreputable,0
disrepute,0
disrespect,0
disrespectable,0
disrespectablity,0
disrespectful,0
disrespectfully,0
disrespectfulness,0
disrespecting,0
disrupt,0
disruption,0
disruptive,0
dissatisfaction,0
dissatisfactory,0
dissatisfied,0
dissatisfy,0
dissatisfying,0
dissemble,0
dissembler,0
dissension,0
dissent,0
dissenter,0
dissention,0
disservice,0
dissidence,0
dissident,0
dissidents,0
dissocial,0
dissolute,0
dissolution,0
dissonance,0
dissonant,0
dissonantly,0
dissuade,0
dissuasive,0
distaste,0
distasteful,0
distastefully,0
distinct,1
distinction,1
distinctive,1
distinguish,1
distinguished,1
distort,0
distortion,0
distract,0
distracting,0
distraction,0
distraught,0
distraughtly,0
distraughtness,0
distress,0
distressed,0
distressing,0
distressingly,0
distrust,0
distrustful,0
distrusting,0
disturb,0
disturbed,0
disturbed-let,0
disturbing,0
disturbingly,0
disunity,0
disvalue,0
divergent,0
diversified,1
divide,0
divided,0
divine,1
divinely,1
division,0
divisive,0
divisively,0
divisiveness,0
divorce,0
divorced,0
dizzy,0
dizzing,0
dizzingly,0
doddering,0
dodge,1
dodgey,0
dogged,0
doggedly,0
dogmatic,0
doldrums,0
dominance,0
dominate,0
domination,0
domineer,0
domineering,0
doom,0
doomsday,0
dope,0
dote,1
dotingly,1
doubt,0
doubtful,0
doubtfully,0
doubtless,1
doubts,0
down,0
downbeat,0
downcast,0
downer,0
downfall,0
downfallen,0
downgrade,0
downhearted,0
downheartedly,0
downside,0
drab,0
draconian,0
draconic,0
dragon,0
dragons,0
dragoon,0
drain,0
drama,0
drastic,0
drastically,0
dread,0
dreadful,0
dreadfully,0
dreadfulness,0
dream,1
dreamland,1
dreams,1
dreamy,1
dreary,0
drive,1
driven,1
drones,0
droop,0
drought,0
drowning,0
drunk,0
drunkard,0
drunken,0
dubious,0
dubiously,0
dubitable,0
dud,0
dull,0
dullard,0
dumb,0
dumbfound,0
dumbfounded,0
dummy,0
dump,0
dunce,0
dungeon,0
dungeons,0
dupe,0
durable,1
durability,1
dusty,0
dwindle,0
dwindling,0
dynamic,1
dying,0
eager,1
eagerly,1
eagerness,1
earnest,1
earnestly,1
earnestness,1
earsplitting,0
ease,1
easier,1
easiest,1
easily,1
easiness,1
easy,1
easygoing,1
ebullience,1
ebullient,1
ebulliently,1
eccentric,0
eccentricity,0
eclectic,1
economical,1
ecstasies,1
ecstasy,1
ecstatic,1
ecstatically,1
edgy,0
edify,1
educable,1
educated,1
educational,1
effective,1
effectiveness,1
effectual,1
efficacious,1
efficiency,1
efficient,1
effigy,0
effortless,1
effortlessly,1
effrontery,0
effusion,1
effusive,1
effusively,1
effusiveness,1
egalitarian,1
ego,0
egocentric,0
egomania,0
egotism,0
egotistical,0
egotistically,0
egregious,0
egregiously,0
ejaculate,0
elan,1
elate,1
elated,1
elatedly,1
elation,1
election-rigger,0
electrification,1
electrify,1
elegance,1
elegant,1
elegantly,1
elevate,1
elevated,1
eligible,1
eliminate,0
elimination,0
elite,1
eloquence,1
eloquent,1
eloquently,1
emaciated,0
emancipate,1
emasculate,0
embarrass,0
embarrassing,0
embarrassingly,0
embarrassment,0
embattled,0
embellish,1
embolden,1
embrace,1
embroil,0
embroiled,0
embroilment,0
eminence,1
eminent,1
emotional,0
empathize,0
empathy,0
emphatic,0
emphatically,0
empower,1
empowerment,1
emptiness,0
empty,0
enable,1
enchant,1
enchanted,1
enchanting,1
enchantingly,1
encourage,1
encouragement,1
encouraging,1
encouragingly,1
encroach,0
encroachment,0
endanger,0
endear,1
endearing,1
endless,0
endorse,1
endorsement,1
endorser,1
endurable,1
endure,1
enduring,1
enemies,0
enemy,0
energetic,1
energize,1
enervate,0
enfeeble,0
enflame,0
engaging,1
engrossing,1
engulf,0
enhance,1
enhanced,1
enhancement,1
enjoin,0
enjoy,1
enjoyable,1
enjoyably,1
enjoyment,1
enlighten,1
enlightenment,1
enliven,1
enmity,0
ennoble,1
enormities,0
enormity,0
enormous,0
enormously,0
enrage,0
enraged,0
enrapt,1
enrapture,1
enraptured,1
enrich,1
enrichment,1
enslave,0
ensure,1
entangle,0
entanglement,0
enterprising,1
entertain,1
entertaining,1
enthral,1
enthrall,1
enthralled,1
enthuse,1
enthusiasm,1
enthusiast,1
enthusiastic,1
enthusiastically,1
entice,1
enticing,1
enticingly,1
entrance,1
entranced,1
entrancing,1
entrap,0
entrapment,0
entreat,1
entreatingly,1
entrust,1
enviable,1
enviably,1
envious,0
enviously,0
enviousness,0
envision,1
envisions,1
envy,0
epic,1
epidemic,0
epitome,1
equality,1
equitable,1
equivocal,0
eradicate,0
erase,0
erode,0
erosion,0
err,0
errant,0
erratic,0
erratically,0
erroneous,0
erroneously,0
error,0
erudite,1
escapade,0
eschew,0
esoteric,0
essential,1
especially,1
esteem,1
estranged,0
established,1
eternal,0
eternity,1
ethical,1
eulogize,1
euphoria,1
euphoric,1
euphorically,1
evade,0
evasion,0
evasive,0
even,1
evenly,1
eventful,1
everlasting,1
evident,1
evidently,1
evil,0
evildoer,0
evils,0
eviscerate,0
evocative,1
exacerbate,0
exacting,0
exaggerate,0
exaggeration,0
exalt,1
exaltation,1
exalted,1
exaltedly,1
exalting,1
exaltingly,1
exasperate,0
exasperation,0
exasperating,0
exasperatingly,0
exceed,1
exceeding,1
exceedingly,1
excel,1
excellence,1
excellency,1
excellent,1
excellently,1
exceptional,1
exceptionally,1
excessive,0
excessively,0
excite,1
excited,1
excitedly,1
excitedness,1
excitement,1
exciting,1
excitingly,1
exclaim,0
exclude,0
exclusion,0
exclusive,1
excoriate,0
excruciating,0
excruciatingly,0
excusable,1
excuse,1
excuses,0
execrate,0
exemplar,1
exemplary,1
exhaust,0
exhaustion,0
exhaustive,1
exhaustively,1
exhilarate,1
exhilarating,1
exhilaratingly,1
exhilaration,1
exhort,0
exile,0
exonerate,1
exorbitant,0
exorbitantance,0
exorbitantly,0
expansive,1
expedient,0
expediencies,0
expel,0
expensive,0
experienced,1
expert,1
expertly,1
expire,0
explicit,1
explicitly,1
explode,0
exploit,0
exploitation,0
expose,0
exposed,0
explosive,0
expressive,1
expropriate,0
expropriation,0
expulse,0
expunge,0
exquisite,1
exquisitely,1
exterminate,0
extermination,0
extinguish,0
extol,1
extoll,1
extort,0
extortion,0
extraneous,0
extraordinarily,1
extraordinary,1
extravagance,0
extravagant,0
extravagantly,0
extreme,0
extremely,0
extremism,0
extremist,0
extremists,0
exuberance,1
exuberant,1
exuberantly,1
exult,1
exultation,1
exultingly,1
fabricate,0
fabrication,0
fabulous,1
fabulously,1
facetious,0
facetiously,0
facilitate,1
fading,0
fail,0
failing,0
failure,0
failures,0
faint,0
fainthearted,0
fair,1
fairly,1
fairness,1
faith,1
faithful,1
faithfully,1
faithfulness,1
faithless,0
fake,0
fall,0
fallacies,0
fallacious,0
fallaciously,0
fallaciousness,0
fallacy,0
fallout,0
false,0
falsehood,0
falsely,0
falsify,0
falter,0
famed,1
fame,1
famine,0
famished,0
famous,1
famously,1
fanatic,0
fanatical,0
fanatically,0
fanaticism,0
fanatics,0
fanciful,0
fancy,1
fanfare,1
fantastic,1
fantastically,1
fantasy,1
far-fetched,0
farfetched,0
farce,0
farcical,0
farcical-yet-provocative,0
farcically,0
farsighted,1
fascinate,1
fascinating,1
fascinatingly,1
fascination,1
fascism,0
fascist,0
fashionable,1
fashionably,1
fast-growing,1
fast-paced,1
fastest-growing,1
fastidious,0
fastidiously,0
fastuous,0
fat,0
fatal,0
fatalistic,0
fatalistically,0
fatally,0
fateful,0
fatefully,0
fathom,1
fathomless,0
fatigue,0
fatty,0
fatuity,0
fatuous,0
fatuously,0
fault,0
faulty,0
favor,1
favorable,1
favored,1
favorite,1
fawningly,0
favour,1
faze,0
fear,0
fearful,0
fearfully,0
fearless,1
fearlessly,1
fears,0
fearsome,0
feasible,1
feasibly,1
feat,1
featly,1
feckless,0
feeble,0
feeblely,0
feebleminded,0
feign,0
feint,0
feisty,1
felicitate,1
felicitous,1
felicity,1
fell,0
felon,0
felonious,0
ferocious,0
ferociously,0
ferocity,0
fertile,1
fervent,1
fervently,1
fervid,1
fervidly,1
fervor,1
feverish,0
festive,1
fetid,0
fever,0
fiasco,0
fiat,0
fib,0
fibber,0
fickle,0
fiction,0
fictional,0
fictitious,0
fidelity,1
fidget,0
fidgety,0
fiend,0
fiendish,0
fierce,0
fiery,1
fight,0
figurehead,0
filth,0
filthy,0
finagle,0
fine,0
finely,1
first-class,1
first-rate,1
fissures,0
fist,0
fit,1
fitting,1
flabbergast,0
flabbergasted,0
flagging,0
flagrant,0
flagrantly,0
flair,1
flak,0
flake,0
flakey,0
flaky,0
flame,1
flash,0
flashy,0
flat-out,0
flatter,1
flattering,1
flatteringly,1
flaunt,0
flaw,0
flaws,0
flawed,0
flawless,1
flawlessly,1
fleer,0
fleeting,0
flexible,1
flighty,0
flimflam,0
flimsy,0
flirt,0
flirty,0
floored,0
flounder,0
floundering,0
flourish,1
flourishing,1
flout,0
fluent,1
fluster,0
foe,0
fond,1
fondly,1
fondness,1
fool,0
foolhardy,0
foolish,0
foolishly,0
foolishness,0
foolproof,1
forbid,0
forbidden,0
forbidding,0
force,0
forceful,0
foreboding,0
forebodingly,0
foremost,1
foresight,1
forfeit,0
forgave,1
forged,0
forget,0
forgetful,0
forgetfully,0
forgetfulness,0
forgive,1
forgiven,1
forgiveness,1
forgiving,1
forgivingly,1
forlorn,0
forlornly,0
formidable,0
forsake,0
forsaken,0
forswear,0
fortitude,1
fortuitous,1
fortuitously,1
fortunate,1
fortunately,1
fortune,1
foul,0
foully,0
foulness,0
fractious,0
fractiously,0
fracture,0
fragile,0
fragmented,0
fragrant,1
frail,0
frank,1
frantic,0
frantically,0
franticly,0
fraternize,0
fraud,0
fraudulent,0
fraught,0
freak,0
freakish,0
freakishly,0
frazzle,0
frazzled,0
free,1
freedom,1
freedoms,1
frenetic,0
frenetically,0
frenzied,0
frenzy,0
fresh,1
fret,0
fretful,0
friction,0
frictions,0
friend,1
friendliness,1
friendly,1
friends,1
friendship,1
friggin,0
fright,0
frighten,0
frightening,0
frighteningly,0
frightful,0
frightfully,0
frigid,0
frivolous,0
frolic,1
frown,0
frozen,0
fruitful,1
fruitless,0
fruitlessly,0
fumble,0
fun,1
frustrate,0
frustrated,0
frustrating,0
frustratingly,0
frustration,0
fudge,0
fugitive,0
fulfillment,1
full-blown,0
full-fledged,1
fulminate,0
fume,0
functional,1
fundamentalism,0
funny,1
furious,0
furiously,0
furor,0
fury,0
fuss,0
fustigate,0
fussy,0
fusty,0
futile,0
futilely,0
futility,0
fuzzy,0
gabble,0
gaff,0
gaffe,0
gaiety,1
gaily,1
gain,1
gainful,1
gainfully,1
gainsay,0
gainsayer,0
gaga,0
gaggle,0
gall,0
gallant,1
gallantly,1
galling,0
gallingly,0
galore,1
gamble,0
game,0
gape,0
garbage,0
garish,0
gasp,0
gauche,0
gaudy,0
gawk,0
gawky,0
geezer,0
gem,1
gems,1
generosity,1
generous,1
generously,1
genial,1
genius,1
genocide,0
gentle,1
genuine,1
germane,1
get-rich,0
ghastly,0
ghetto,0
gibber,0
gibberish,0
gibe,0
giddy,1
gifted,1
glad,1
gladden,1
gladly,1
gladness,1
glamorous,1
glare,0
glaring,0
glaringly,0
glee,1
gleeful,1
gleefully,1
glib,0
glibly,0
glimmer,1
glimmering,1
glisten,1
glistening,1
glitch,0
glitter,1
gloatingly,0
gloom,0
gloomy,0
glorify,1
glorious,1
gloriously,1
glory,1
gloss,0
glossy,1
glow,1
glower,0
glowing,1
glowingly,1
glum,0
glut,0
gnawing,0
go-ahead,1
goad,0
goading,0
god-awful,0
god-given,1
goddam,0
goddamn,0
godlike,1
gold,1
golden,1
good,1
goodly,1
goodness,1
goodwill,1
goof,0
gorgeous,1
gorgeously,1
gossip,0
grace,1
graceful,1
gracefully,1
graceless,0
gracelessly,0
gracious,1
graciously,1
graciousness,1
graft,0
grail,1
grand,1
grandeur,1
grandiose,0
grapple,0
grate,0
grateful,1
gratefully,1
gratification,1
gratify,1
gratifying,1
gratifyingly,1
grating,0
gratitude,1
gratuitous,0
gratuitously,0
grave,0
gravely,0
great,1
greatest,1
greatness,1
greed,0
greedy,0
greet,1
grief,0
grievance,0
grievances,0
grieve,0
grieving,0
grievous,0
grievously,0
grill,0
grim,0
grimace,0
grin,1
grind,0
gripe,0
grisly,0
grit,1
gritty,0
groove,1
gross,0
grossly,0
grotesque,0
grouch,0
grouchy,0
groundbreaking,1
groundless,0
grouse,0
growl,0
grudge,0
grudges,0
grudging,0
grudgingly,0
gruesome,0
gruesomely,0
gruff,0
grumble,0
guarantee,1
guardian,1
guidance,1
guile,0
guilt,0
guiltless,1
guilty,0
guiltily,0
gullible,0
gush,1
gumption,1
gusto,1
gutsy,1
haggard,0
haggle,0
hail,1
halcyon,1
hale,1
halfhearted,0
halfheartedly,0
hallowed,1
hallucinate,0
hallucination,0
hamper,0
hamstring,0
hamstrung,0
handicapped,0
handily,1
handsome,1
handy,1
hanker,1
hapless,0
haphazard,0
happily,1
happiness,1
happy,1
harangue,0
harass,0
harassment,0
harboring,0
harbors,0
hard,0
hard-hit,0
hard-line,0
hard-liner,0
hard-working,1
hardball,0
harden,0
hardened,0
hardheaded,0
hardhearted,0
hardier,1
hardliner,0
hardliners,0
hardly,0
hardship,0
hardships,0
hardy,1
harm,0
harmful,0
harmless,1
harmonious,1
harmoniously,1
harmonize,1
harmony,1
harms,0
harpy,0
harridan,0
harried,0
harrow,0
harsh,0
harshly,0
hassle,0
haste,0
hasty,0
hate,0
hater,0
hateful,0
hatefully,0
hatefulness,0
haughtily,0
haughty,0
hatred,0
haunt,0
haunting,0
haven,1
havoc,0
hawkish,0
hazard,0
hazardous,0
hazy,0
headache,0
headaches,0
headway,1
heady,1
heal,1
healthful,1
healthy,1
heart,1
heartbreak,0
heartbreaker,0
heartbreaking,0
heartbreakingly,0
hearten,1
heartening,1
heartfelt,1
heartily,1
heartless,0
heartrending,0
heartwarming,1
heathen,0
heaven,1
heavenly,1
heavily,0
heavy-handed,0
heavyhearted,0
heck,0
heckle,0
hectic,0
hedge,0
hedonistic,0
heedless,0
hegemonism,0
hegemonistic,0
hegemony,0
heinous,0
hell,0
hell-bent,0
hellion,0
help,1
helpful,1
helpless,0
helplessly,0
helplessness,0
herald,1
heresy,0
heretic,0
heretical,0
hero,1
heroic,1
heroically,1
heroine,1
heroize,1
heros,1
hesitant,0
hideous,0
hideously,0
hideousness,0
high-quality,1
highlight,1
hilarious,1
hilariously,1
hilariousness,1
hilarity,1
hinder,0
hindrance,0
historic,1
hoard,0
hoax,0
hobble,0
hole,0
hollow,0
holy,1
homage,1
honest,1
honestly,1
honesty,1
honeymoon,1
honor,1
honorable,1
hoodwink,0
hope,1
hopeful,1
hopefully,1
hopefulness,1
hopeless,0
hopelessly,0
hopelessness,0
hopes,1
horde,0
horrendous,0
horrendously,0
horrible,0
horribly,0
horrid,0
horrific,0
horrifically,0
horrify,0
horrifying,0
horrifyingly,0
horror,0
horrors,0
hospitable,1
hostage,0
hostile,0
hostilities,0
hostility,0
hot,1
hothead,0
hotheaded,0
hotbeds,0
hothouse,0
hubris,0
huckster,0
hug,1
humane,1
humanists,1
humanity,1
humankind,1
humble,1
humbling,0
humiliate,0
humiliating,0
humiliation,0
humility,1
humor,1
humorous,1
humorously,1
humour,1
humourous,1
hunger,0
hungry,0
hurt,0
hurtful,0
hustler,0
hypocrisy,0
hypocrite,0
hypocrites,0
hypocritical,0
hypocritically,0
hysteria,0
hysteric,0
hysterical,0
hysterically,0
hysterics,0
icy,0
ideal,1
idealism,1
idealist,1
idealize,1
ideally,1
idiocies,0
idiocy,0
idiot,0
idiotic,0
idiotically,0
idiots,0
idle,0
idol,1
idolize,1
idolized,1
idyllic,1
ignoble,0
ignominious,0
ignominiously,0
ignominy,0
ignore,0
ignorance,0
ignorant,0
ill,0
ill-advised,0
ill-conceived,0
ill-fated,0
ill-favored,0
ill-mannered,0
ill-natured,0
ill-sorted,0
ill-tempered,0
ill-treated,0
ill-treatment,0
ill-usage,0
ill-used,0
illegal,0
illegally,0
illegitimate,0
illicit,0
illiquid,0
illiterate,0
illness,0
illogic,0
illogical,0
illogically,0
illuminate,1
illuminati,1
illuminating,1
illumine,1
illusion,0
illusions,0
illusory,0
illustrious,1
imaginary,0
imaginative,1
imbalance,0
imbecile,0
imbroglio,0
immaculate,1
immaculately,1
immaterial,0
immature,0
imminence,0
imminent,0
imminently,0
immobilized,0
immoderate,0
immoderately,0
immodest,0
immoral,0
immorality,0
immorally,0
immovable,0
impair,0
impaired,0
impartial,1
impartiality,1
impartially,1
impasse,0
impassioned,1
impassive,0
impatience,0
impatient,0
impatiently,0
impeach,0
impeccable,1
impeccably,1
impede,0
impedance,0
impediment,0
impel,1
impending,0
impenitent,0
imperfect,0
imperfectly,0
imperial,1
imperialist,0
imperil,0
imperious,0
imperiously,0
impermissible,0
impersonal,0
impertinent,0
imperturbable,1
impervious,1
impetuous,0
impetuously,0
impetus,1
impiety,0
impinge,0
impious,0
implacable,0
implausible,0
implausibly,0
implicate,0
implication,0
implode,0
impolite,0
impolitely,0
impolitic,0
importance,1
important,1
importantly,1
importunate,0
importune,0
impose,0
imposers,0
imposing,0
imposition,0
impossible,0
impossiblity,0
impossibly,0
impotent,0
impoverish,0
impoverished,0
impractical,0
imprecate,0
imprecise,0
imprecisely,0
imprecision,0
impregnable,1
impress,1
impression,1
impressions,1
impressive,1
impressively,1
impressiveness,1
imprison,0
imprisonment,0
improbability,0
improbable,0
improbably,0
improper,0
improperly,0
impropriety,0
improving,1
improve,1
improved,1
improvement,1
improvise,1
imprudence,0
imprudent,0
impudence,0
impudent,0
impudently,0
impugn,0
impulsive,0
impulsively,0
impunity,0
impure,0
impurity,0
inability,0
inaccessible,0
inaccuracy,0
inaccuracies,0
inaccurate,0
inaccurately,0
inaction,0
inactive,0
inadequacy,0
inadequate,0
inadequately,0
inadverent,0
inadverently,0
inadvisable,0
inadvisably,0
inalienable,1
inane,0
inanely,0
inappropriate,0
inappropriately,0
inapt,0
inaptitude,0
inarticulate,0
inattentive,0
incapable,0
incapably,0
incautious,0
incendiary,0
incense,0
incessant,0
incessantly,0
incisive,1
incisively,1
incisiveness,1
incite,0
incitement,0
incivility,0
inclement,0
inclination,1
inclinations,1
inclined,1
inclusive,1
incognizant,0
incoherence,0
incoherent,0
incoherently,0
incommensurate,0
incomparable,0
incomparably,0
incompatibility,0
incompatible,0
incompetence,0
incompetent,0
incompetently,0
incomplete,0
incompliant,0
incomprehensible,0
incomprehension,0
inconceivable,0
inconceivably,0
inconclusive,0
incongruous,0
incongruously,0
inconsequent,0
inconsequently,0
inconsequential,0
inconsequentially,0
inconsiderate,0
inconsiderately,0
inconsistence,0
inconsistencies,0
inconsistency,0
inconsistent,0
inconsolable,0
inconsolably,0
inconstant,0
incontestable,1
incontrovertible,1
inconvenience,0
inconvenient,0
inconveniently,0
incorrect,0
incorrectly,0
incorrigible,0
incorrigibly,0
incorruptible,1
incredible,1
incredibly,1
incredulous,0
incredulously,0
inculcate,0
indebted,1
indecency,0
indecent,0
indecently,0
indecision,0
indecisive,0
indecisively,0
indecorum,0
indefatigable,1
indefensible,0
indefinite,0
indefinitely,0
indelible,1
indelibly,1
indelicate,0
independence,1
independent,1
indescribable,1
indescribably,1
indestructible,1
indeterminable,0
indeterminably,0
indeterminate,0
indifference,0
indifferent,0
indigent,0
indignant,0
indignantly,0
indignation,0
indignity,0
indiscernible,0
indiscreet,0
indiscreetly,0
indiscretion,0
indiscriminate,0
indiscriminating,0
indiscriminately,0
indispensable,1
indispensability,1
indisposed,0
indisputable,1
indistinct,0
indistinctive,0
individuality,1
indoctrinate,0
indoctrination,0
indolent,0
indomitable,1
indomitably,1
indubitable,1
indubitably,1
indulge,0
indulgence,1
indulgent,1
industrious,1
ineffective,0
ineffectively,0
ineffectiveness,0
ineffectual,0
ineffectually,0
ineffectualness,0
inefficacious,0
inefficacy,0
inefficiency,0
inefficient,0
inefficiently,0
ineligible,0
inelegance,0
inelegant,0
ineloquent,0
ineloquently,0
inept,0
ineptitude,0
ineptly,0
inequalities,0
inequality,0
inequitable,0
inequitably,0
inequities,0
inertia,0
inescapable,0
inescapably,0
inessential,0
inestimable,1
inestimably,1
inevitable,0
inevitably,0
inexact,0
inexcusable,0
inexcusably,0
inexorable,0
inexorably,0
inexpensive,1
inexperience,0
inexperienced,0
inexpert,0
inexpertly,0
inexpiable,0
inexplainable,0
inexplicable,0
inextricable,0
inextricably,0
infallible,1
infallibly,1
infallibility,1
infamous,0
infamously,0
infamy,0
infected,0
inferior,0
inferiority,0
infernal,0
infest,0
infested,0
infidel,0
infidels,0
infiltrator,0
infiltrators,0
infirm,0
inflame,0
inflammatory,0
inflated,0
inflationary,0
inflexible,0
inflict,0
influential,1
informative,1
infraction,0
infringe,0
infringement,0
infringements,0
infuriate,0
infuriated,0
infuriating,0
infuriatingly,0
ingenious,1
ingeniously,1
ingenuity,1
ingenuous,1
ingenuously,1
inglorious,0
ingrate,0
ingratiate,1
ingratiating,1
ingratiatingly,1
ingratitude,0
inhibit,0
inhibition,0
inhospitable,0
inhospitality,0
inhuman,0
inhumane,0
inhumanity,0
inimical,0
inimically,0
iniquitous,0
iniquity,0
injudicious,0
injure,0
injurious,0
injury,0
injustice,0
injustices,0
innocence,1
innocent,1
innocently,1
innocuous,1
innovation,1
innovative,1
innuendo,0
inoffensive,1
inopportune,0
inordinate,0
inordinately,0
inquisitive,1
insane,0
insanely,0
insanity,0
insatiable,0
insecure,0
insecurity,0
insensible,0
insensitive,0
insensitively,0
insensitivity,0
insidious,0
insidiously,0
insight,1
insightful,1
insightfully,1
insignificance,0
insignificant,0
insignificantly,0
insincere,0
insincerely,0
insincerity,0
insinuate,0
insinuating,0
insinuation,0
insist,1
insistence,1
insistent,1
insistently,1
insociable,0
isolation,0
insolence,0
insolent,0
insolently,0
insolvent,0
insouciance,0
inspiration,1
inspirational,1
inspire,1
inspiring,1
instability,0
instable,0
instigate,0
instigator,0
instigators,0
instructive,1
instrumental,1
insubordinate,0
insubstantial,0
insubstantially,0
insufferable,0
insufferably,0
insufficiency,0
insufficient,0
insufficiently,0
insular,0
insult,0
insulted,0
insulting,0
insultingly,0
insupportable,0
insupportably,0
insurmountable,0
insurmountably,0
insurrection,0
intact,1
integral,1
integrity,1
intelligent,1
intelligence,1
intelligible,1
intercede,1
interest,1
interested,1
interesting,1
interests,1
interfere,0
interference,0
intermittent,0
interrupt,0
interruption,0
intimacy,1
intimate,1
intimidate,0
intimidating,0
intimidatingly,0
intimidation,0
intolerable,0
intolerablely,0
intolerance,0
intolerant,0
intoxicate,0
intractable,0
intransigence,0
intransigent,0
intricate,1
intrigue,1
intriguing,1
intriguingly,1
intrude,0
intrusion,0
intrusive,0
intuitive,1
inundate,0
inundated,0
invader,0
invalid,0
invalidate,0
invalidity,0
invaluable,1
invaluablely,1
invasive,0
invective,0
inveigle,0
inventive,1
invidious,0
invidiously,0
invidiousness,0
invigorate,1
invigorating,1
invincibility,1
invincible,1
inviolable,1
inviolate,1
invulnerable,1
involuntarily,0
involuntary,0
irate,0
irately,0
ire,0
irk,0
irksome,0
ironic,0
ironies,0
irony,0
irrational,0
irrationality,0
irrationally,0
irreconcilable,0
irredeemable,0
irredeemably,0
irreformable,0
irrefutable,1
irrefutably,1
irregular,0
irregularity,0
irrelevance,0
irrelevant,0
irreparable,0
irreplacible,0
irrepressible,0
irreproachable,1
irresistible,1
irresistibly,1
irresolute,0
irresolvable,0
irresponsible,0
irresponsibly,0
irretrievable,0
irreverence,0
irreverent,0
irreverently,0
irreversible,0
irritable,0
irritably,0
irritant,0
irritate,0
irritated,0
irritating,0
irritation,0
isolate,0
isolated,0
itch,0
jabber,0
jaded,0
jam,0
jar,0
jaundiced,0
jauntily,1
jaunty,1
jealous,0
jealously,0
jealousness,0
jealousy,0
jeer,0
jeering,0
jeeringly,0
jeers,0
jeopardize,0
jeopardy,0
jerk,0
jest,1
jittery,0
jobless,0
joke,1
joker,0
jollify,1
jolly,1
jolt,0
jovial,1
joy,1
joyful,1
joyfully,1
joyless,1
joyous,1
joyously,1
jubilant,1
jubilantly,1
jubilate,1
jubilation,1
judicious,1
jumpy,0
junk,0
junky,0
just,1
justice,1
justifiable,1
justifiably,1
justification,1
justify,1
justly,1
juvenile,0
kaput,0
keen,0
keenly,1
keenness,1
kemp,1
kick,0
kid,1
kill,0
killer,0
killjoy,0
kind,1
kindly,1
kindliness,1
kindness,1
kingmaker,1
kiss,1
knave,0
knife,0
knock,0
knowledgeable,1
kook,0
kooky,0
lack,0
lackadaisical,0
lackey,0
lackeys,0
lacking,0
lackluster,0
laconic,0
lag,0
lambast,0
lambaste,0
lame,0
lame-duck,0
lament,0
lamentable,0
lamentably,0
languid,0
languish,0
lanky,0
languor,0
languorous,0
languorously,0
lapse,0
large,1
lark,1
lascivious,0
last-ditch,0
laud,1
laudable,1
laudably,1
laugh,0
laughable,0
laughably,0
laughingstock,0
laughter,0
lavish,1
lavishly,1
law-abiding,1
lawbreaker,0
lawbreaking,0
lawful,1
lawfully,1
lawless,0
lawlessness,0
lax,0
lazy,0
leading,1
leak,0
leakage,0
leaky,0
lean,1
learning,1
learned,1
least,0
lech,0
lecher,0
lecherous,0
lechery,0
lecture,0
leech,0
leer,0
leery,0
left-leaning,0
legendary,1
legitimacy,1
legitimate,1
legitimately,1
lenient,1
leniently,1
less,0
less-developed,0
less-expensive,1
lessen,0
lesser,0
lesser-known,0
letch,0
lethal,0
lethargic,0
lethargy,0
leverage,1
levity,1
lewd,0
lewdly,0
lewdness,0
liable,0
liability,0
liar,0
liars,0
liberal,1
liberation,1
liberalism,1
liberally,1
liberate,1
liberty,1
licentious,0
licentiously,0
licentiousness,0
lie,0
lier,0
lies,0
life-threatening,0
lifeblood,1
lifeless,0
lifelong,1
light,1
light-hearted,1
lighten,1
likable,1
like,1
liking,1
limit,0
limitation,0
limited,0
limp,0
lionhearted,1
listless,0
literate,1
litigious,0
little,0
little-known,0
live,1
lively,1
livid,0
lividly,0
loath,0
loathe,0
loathing,0
loathly,0
loathsome,0
loathsomely,0
lofty,1
logical,1
lone,0
loneliness,0
lonely,0
lonesome,0
long,0
longing,0
longingly,0
loophole,0
loopholes,0
loot,0
lorn,0
losing,0
lose,0
loser,0
loss,0
lost,0
lousy,0
lovable,1
lovably,1
love,1
loveless,0
loveliness,1
lovelorn,0
lover,1
lovely,1
low,0
low-cost,1
low-rated,0
low-risk,1
lower-priced,1
lowly,0
loyal,1
loyalty,1
lucid,1
lucidly,1
luck,1
luckier,1
luckiest,1
luckily,1
luckiness,1
lucky,1
lucrative,1
ludicrous,0
ludicrously,0
lugubrious,0
lukewarm,0
lull,0
luminous,1
lunatic,0
lunaticism,0
lurch,0
lure,0
lurid,0
lurk,0
lurking,0
lush,1
luster,1
lustrous,1
luxuriant,1
luxuriate,1
luxurious,1
luxuriously,1
luxury,1
lying,0
lyrical,1
macabre,0
mad,0
madden,0
maddening,0
maddeningly,0
madder,0
madly,0
madman,0
madness,0
magic,1
magical,1
magnanimous,1
magnanimously,1
magnetic,1
magnificence,1
magnificent,1
magnificently,1
magnify,1
majestic,1
majesty,1
maladjusted,0
maladjustment,0
malady,0
malaise,0
malcontent,0
malcontented,0
maledict,0
malevolence,0
malevolent,0
malevolently,0
malice,0
malicious,0
maliciously,0
maliciousness,0
malign,0
malignant,0
malodorous,0
maltreatment,0
manageable,1
maneuver,0
mangle,0
mania,0
maniac,0
maniacal,0
manic,0
manifest,1
manipulate,0
manipulation,0
manipulative,0
manipulators,0
manly,1
mannerly,1
mar,0
marginal,0
marginally,0
martyrdom,0
martyrdom-seeking,0
marvel,1
marvellous,1
marvelous,1
marvelously,1
marvelousness,1
marvels,1
massacre,0
massacres,0
master,1
masterful,1
masterfully,1
masterpiece,1
masterpieces,1
masters,1
mastery,1
matchless,1
mature,1
maturely,1
maturity,1
maverick,0
mawkish,0
mawkishly,0
mawkishness,0
maxi-devaluation,0
maximize,1
meager,0
mean,0
meaningful,1
meaningless,0
meanness,0
meddle,0
meddlesome,0
mediocre,0
mediocrity,0
meek,1
melancholy,0
mellow,1
melodramatic,0
melodramatically,0
memorable,1
memorialize,1
menace,0
menacing,0
menacingly,0
mend,1
mendacious,0
mendacity,0
menial,0
mentor,1
merciful,1
mercifully,1
merciless,0
mercilessly,0
mercy,1
mere,0
merely,0
merit,1
meritorious,1
merrily,1
merriment,1
merriness,1
merry,1
mesmerize,1
mesmerizing,1
mesmerizingly,1
mess,0
messy,0
meticulous,1
meticulously,1
midget,0
miff,0
might,1
mightily,1
mighty,1
mild,1
militancy,0
mind,0
mindful,1
mindless,0
mindlessly,0
minister,1
miracle,1
miracles,1
miraculous,1
miraculously,1
miraculousness,1
mirage,0
mire,0
mirth,1
misapprehend,0
misbecoming,0
misbecome,0
misbegotten,0
misbehave,0
misbehavior,0
miscalculate,0
miscalculation,0
mischief,0
mischievous,0
mischievously,0
misconception,0
misconceptions,0
miscreant,0
miscreants,0
misdirection,0
miser,0
miserly,0
miserable,0
miserableness,0
miserably,0
miseries,0
misery,0
misfit,0
misfortune,0
misgiving,0
misgivings,0
misguidance,0
misguide,0
misguided,0
mishandle,0
mishap,0
misinform,0
misinformed,0
misinterpret,0
misjudge,0
misjudgment,0
mislead,0
misleading,0
misleadingly,0
mislike,0
mismanage,0
misread,0
misreading,0
misrepresent,0
misrepresentation,0
miss,0
misstatement,0
mistake,0
mistaken,0
mistakenly,0
mistakes,0
mistrust,0
mistrustful,0
mistrustfully,0
misunderstand,0
misunderstood,0
misunderstanding,0
misunderstandings,0
misuse,0
moan,0
mock,0
mockeries,0
mockery,0
mocking,0
mockingly,0
moderate,1
moderation,1
modern,1
modest,1
modesty,1
molest,0
molestation,0
mollify,1
momentous,1
monotonous,0
monotony,0
monster,0
monstrosities,0
monstrosity,0
monstrous,0
monstrously,0
monumental,1
monumentally,1
moody,0
moon,0
moot,0
mope,0
moral,1
morality,1
moralize,1
morbid,0
morbidly,0
mordant,0
mordantly,0
moribund,0
mortification,0
mortified,0
mortify,0
mortifying,0
motionless,0
motivate,1
motivated,1
motivation,1
motley,0
mourn,0
mourner,0
mournful,0
mournfully,0
moving,1
muddle,0
muddy,0
mudslinger,0
mudslinging,0
mulish,0
multi-polarization,0
mundane,0
murder,0
murderous,0
murderously,0
murky,0
muscle-flexing,0
myriad,1
mysterious,0
mysteriously,0
mystery,0
mystify,0
mistified,0
myth,0
nag,0
nagging,0
naive,0
naively,0
narrow,0
narrower,0
nastily,0
nastiness,0
nasty,0
nationalism,0
natural,1
naturally,1
naughty,0
nauseate,0
nauseating,0
nauseatingly,0
navigable,1
neat,1
neatly,1
nebulous,0
nebulously,0
necessarily,1
necessary,1
need,0
needless,0
needlessly,0
needy,0
nefarious,0
nefariously,0
negate,0
negation,0
negative,0
neglect,0
neglected,0
negligent,0
negligence,0
negligible,0
nemesis,0
nettle,0
nettlesome,0
nervous,0
nervously,0
nervousness,0
neurotic,0
neurotically,0
neutralize,1
nice,1
nicely,1
nifty,1
niggle,0
nightmare,0
nightmarish,0
nightmarishly,0
nimble,1
nix,0
noble,1
nobly,1
noisy,0
non-confidence,0
non-violence,1
non-violent,1
nonexistent,0
nonsense,0
normal,1
nosey,0
notable,1
notably,1
noteworthy,1
noticeable,1
notorious,0
notoriously,0
novel,1
nourish,1
nourishing,1
nourishment,1
nuisance,0
numb,0
nurture,1
nurturing,1
oasis,1
obedience,1
obedient,1
obediently,1
obey,1
obese,0
object,0
objection,0
objectionable,0
objections,0
objective,1
objectively,1
obliged,1
oblique,0
obliterate,0
obliterated,0
oblivious,0
obnoxious,0
obnoxiously,0
obscene,0
obscenely,0
obscenity,0
obscure,0
obscurity,0
obsess,0
obsession,0
obsessions,0
obsessive,0
obsessively,0
obsessiveness,0
obsolete,0
obstacle,0
obstinate,0
obstinately,0
obstruct,0
obstruction,0
obtrusive,0
obtuse,0
obviate,1
obviously,0
odd,0
odder,0
oddest,0
oddities,0
oddity,0
oddly,0
offbeat,1
offence,0
offend,0
offending,0
offenses,0
offensive,0
offensively,0
offensiveness,0
officious,0
offset,1
okay,1
ominous,0
ominously,0
omission,0
omit,0
one-side,0
one-sided,0
onerous,0
onerously,0
onslaught,0
onward,1
open,1
openly,1
openness,1
opinionated,0
opponent,0
opportune,1
opportunity,1
opportunistic,0
oppose,0
opposition,0
oppositions,0
oppress,0
oppression,0
oppressive,0
oppressively,0
oppressiveness,0
oppressors,0
optimal,1
optimism,1
optimistic,1
opulent,1
ordeal,0
orderly,1
original,1
originality,1
orphan,0
ostracize,0
outbreak,0
outburst,0
outbursts,0
outcast,0
outcry,0
outdated,0
outdo,1
outgoing,1
outlaw,0
outmoded,0
outrage,0
outraged,0
outrageous,0
outrageously,0
outrageousness,0
outrages,0
outshine,1
outsider,0
outsmart,1
outstanding,1
outstandingly,1
outstrip,1
outwit,1
ovation,1
over-acted,0
over-valuation,0
overachiever,1
overact,0
overacted,0
overawe,0
overbalance,0
overbalanced,0
overbearing,0
overbearingly,0
overblown,0
overcome,0
overdo,0
overdone,0
overdue,0
overemphasize,0
overjoyed,1
overkill,0
overlook,0
overplay,0
overpower,0
overreach,0
overrun,0
overshadow,0
oversight,0
oversimplification,0
oversimplified,0
oversimplify,0
oversized,0
overstate,0
overstatement,0
overstatements,0
overtaxed,0
overthrow,0
overturn,0
overture,1
overwhelm,0
overwhelming,0
overwhelmingly,0
overworked,0
overzealous,0
overzealously,0
pacifist,1
pacifists,1
pain,0
painful,0
painfully,0
painless,1
painlessly,1
pains,0
painstaking,1
painstakingly,1
palatable,1
palatial,1
pale,0
palliate,1
paltry,0
pamper,1
pan,0
pandemonium,0
panic,0
panicky,0
paradise,1
paradoxical,0
paradoxically,0
paralize,0
paralyzed,0
paramount,1
paranoia,0
paranoid,0
parasite,0
pardon,1
pariah,0
parody,0
partiality,0
partisan,0
partisans,0
passe,0
passion,1
passionate,1
passionately,1
passive,0
passiveness,0
pathetic,0
pathetically,0
patience,1
patient,1
patiently,1
patriot,1
patriotic,1
patronize,0
paucity,0
pauper,0
paupers,0
payback,0
peace,1
peaceable,1
peaceful,1
peacefully,1
peacekeepers,1
peculiar,0
peculiarly,0
pedantic,0
pedestrian,0
peerless,1
peeve,0
peeved,0
peevish,0
peevishly,0
penalize,0
penalty,0
penetrating,1
penitent,1
perceptive,1
perfect,1
perfection,1
perfectly,1
perfidious,0
perfidity,0
perfunctory,0
peril,0
perilous,0
perilously,0
peripheral,0
perish,0
permissible,1
pernicious,0
perplex,0
perplexed,0
perplexing,0
perplexity,0
persecute,0
persecution,0
perseverance,1
persevere,1
persistent,1
personages,1
personality,1
perspicuous,1
perspicuously,1
persuade,1
persuasive,1
persuasively,1
pertinacious,0
pertinaciously,0
pertinacity,0
pertinent,1
perturb,0
perturbed,0
pervasive,0
perverse,0
perversely,0
perversion,0
perversity,0
pervert,0
perverted,0
pessimism,0
pessimistic,0
pessimistically,0
pest,0
pestilent,0
petrify,0
petrified,0
pettifog,0
petty,0
phenomenal,1
phenomenally,1
phobia,0
phobic,0
phony,0
picky,0
picturesque,1
piety,1
pillage,0
pillar,1
pillory,0
pinch,0
pine,0
pinnacle,1
pious,1
pique,0
pithy,1
pitiable,0
pitiful,0
pitifully,0
pitiless,0
pitilessly,0
pittance,0
pity,0
placate,1
placid,1
plagiarize,0
plague,0
plain,1
plainly,1
plausibility,1
plausible,1
playful,1
playfully,1
plaything,0
plea,0
pleas,0
pleasant,1
pleasantly,1
please,1
pleased,1
pleasing,1
pleasingly,1
pleasurable,1
pleasurably,1
pleasure,1
plebeian,0
pledge,1
pledges,1
plentiful,1
plenty,1
plight,0
plot,0
plotters,0
ploy,0
plunder,0
plunderer,0
plush,1
poetic,1
poeticize,1
poignant,1
pointless,0
pointlessly,0
poise,1
poised,1
poison,0
poisonous,0
poisonously,0
polarisation,0
polemize,0
polished,1
polite,1
politeness,1
pollute,0
polluter,0
polluters,0
polution,0
pompous,0
poor,0
poorly,0
popular,1
popularity,1
portable,1
posh,1
positive,1
positiveness,1
positively,1
posterity,1
posturing,0
potent,1
potential,1
pout,0
poverty,0
powerful,1
powerfully,1
powerless,0
practicable,1
practical,1
pragmatic,1
praise,1
praiseworthy,1
praising,1
prate,0
pratfall,0
prattle,0
pre-eminent,1
preach,1
preaching,1
precarious,0
precariously,0
precaution,1
precautions,1
precedent,1
precious,1
precipitate,0
precipitous,0
precise,1
precisely,1
precision,1
predatory,0
predicament,0
preeminent,1
preemptive,1
prefer,1
preferable,1
preferably,1
preference,1
preferences,1
prejudge,0
prejudice,0
prejudicial,0
premeditated,0
premier,1
premium,1
preoccupy,0
prepared,1
preponderance,1
preposterous,0
preposterously,0
press,1
pressing,0
prestige,1
prestigious,1
presume,0
presumptuous,0
presumptuously,0
pretence,0
pretend,0
pretense,0
pretentious,0
pretentiously,0
prettily,1
pretty,1
prevaricate,0
priceless,1
pricey,0
prickle,0
prickles,0
pride,1
prideful,0
primitive,0
principle,1
principled,1
prison,0
prisoner,0
privilege,1
privileged,1
prize,1
pro,1
pro-American,1
pro-Beijing,1
pro-Cuba,1
pro-peace,1
proactive,1
problem,0
problematic,0
problems,0
procrastinate,0
procrastination,0
prodigious,1
prodigiously,1
prodigy,1
productive,1
profane,0
profanity,0
profess,1
proficient,1
proficiently,1
profit,1
profitable,1
profound,1
profoundly,1
profuse,1
profusely,1
profusion,1
progress,1
progressive,1
prohibit,0
prohibitive,0
prohibitively,0
prolific,1
prominent,1
prominence,1
promise,1
promising,1
promoter,1
prompt,1
promptly,1
propaganda,0
propagandize,0
proper,1
properly,1
propitious,1
propitiously,1
proscription,0
proscriptions,0
prosecute,0
prospect,1
prospects,1
prosper,1
prosperity,1
prosperous,1
protect,1
protection,1
protective,1
protector,1
protest,0
protests,0
protracted,0
proud,1
providence,1
provocation,0
provocative,0
provoke,0
prowess,1
prudence,1
prudent,1
prudently,1
pry,0
pugnacious,0
pugnaciously,0
pugnacity,0
punch,0
punctual,1
pundits,1
punish,0
punishable,0
punitive,0
puny,0
puppet,0
puppets,0
pure,1
purification,1
purify,1
purity,1
purposeful,1
puzzle,0
puzzled,0
puzzlement,0
puzzling,0
quack,0
quaint,1
qualified,1
qualify,1
qualms,0
quandary,0
quarrel,0
quarrellous,0
quarrellously,0
quarrels,0
quarrelsome,0
quash,0
quasi-ally,1
queer,0
quench,1
questionable,0
quibble,0
quicken,1
quit,0
quitter,0
racism,0
racist,0
racists,0
rack,0
radiance,1
radiant,1
radical,0
radicalization,0
radically,0
radicals,0
rage,0
ragged,0
raging,0
rail,0
rally,1
rampage,0
rampant,0
ramshackle,0
rancor,0
rank,0
rankle,0
rant,0
ranting,0
rantingly,0
rapprochement,1
rapport,1
rapt,1
rapture,1
raptureous,1
raptureously,1
rapturous,1
rapturously,1
rascal,0
rash,0
rat,0
rational,1
rationality,1
rationalize,0
rattle,0
ravage,0
rave,1
raving,0
re-conquest,1
reactionary,0
readily,1
ready,1
reaffirm,1
reaffirmation,1
real,1
realist,1
realistic,1
realistically,1
reason,1
reasonable,1
reasonably,1
reasoned,1
reassurance,1
reassure,1
rebellious,0
rebuff,0
rebuke,0
recalcitrant,0
recant,0
receptive,1
recession,0
recessionary,0
reckless,0
recklessly,0
recklessness,0
reclaim,1
recognition,1
recoil,0
recommend,1
recommendation,1
recommendations,1
recommended,1
recompense,1
reconcile,1
reconciliation,1
record-setting,1
recourses,0
recover,1
rectification,1
rectify,1
rectifying,1
redeem,1
redeeming,1
redemption,1
redundancy,0
redundant,0
reestablish,1
refine,1
refined,1
refinement,1
reform,1
refresh,1
refreshing,1
refuge,1
refusal,0
refuse,0
refutation,0
refute,0
regal,1
regally,1
regard,1
regress,0
regression,0
regressive,0
regret,0
regretful,0
regretfully,0
regrettable,0
regrettably,0
rehabilitate,1
rehabilitation,1
reinforce,1
reinforcement,1
reject,0
rejection,0
rejoice,1
rejoicing,1
rejoicingly,1
relapse,0
relax,1
relaxed,1
relent,1
relentless,0
relentlessly,0
relentlessness,0
relevant,1
relevance,1
reliable,1
reliability,1
reliably,1
relief,1
relieve,1
relish,1
reluctance,0
reluctant,0
reluctantly,0
remarkable,1
remarkably,1
remedy,1
reminiscent,1
remorse,0
remorseful,0
remorsefully,0
remorseless,0
remorselessly,0
remorselessness,0
remunerate,1
renaissance,1
renewal,1
renovate,1
renovation,1
renounce,0
renown,1
renowned,1
renunciation,0
repair,1
reparation,1
repay,1
repel,0
repent,1
repentance,1
repetitive,0
reprehensible,0
reprehensibly,0
reprehension,0
reprehensive,0
repress,0
repression,0
repressive,0
reprimand,0
reproach,0
reproachful,0
reprove,0
reprovingly,0
repudiate,0
repudiation,0
repugn,0
repugnance,0
repugnant,0
repugnantly,0
repulse,0
repulsed,0
repulsing,0
repulsive,0
repulsively,0
repulsiveness,0
reputable,1
rescue,1
resent,0
resentful,0
resentment,0
reservations,0
resignation,0
resigned,0
resilient,1
resistance,0
resistant,0
resolute,1
resolve,1
resolved,1
resound,1
resounding,1
resourceful,1
resourcefulness,1
respect,1
respectable,1
respectful,1
respectfully,1
respite,1
resplendent,1
responsibility,1
responsible,1
responsibly,1
responsive,1
restful,1
restless,0
restlessness,0
restoration,1
restore,1
restraint,1
restrict,0
restricted,0
restriction,0
restrictive,0
resurgent,1
retaliate,0
retaliatory,0
retard,0
reticent,0
retire,0
retract,0
retreat,0
reunite,1
revel,1
revelation,1
revenge,0
revengeful,0
revengefully,0
revere,1
reverence,1
reverent,1
reverently,1
revert,0
revival,1
revive,1
revile,0
reviled,0
revitalize,1
revoke,0
revolt,0
revolting,0
revoltingly,0
revolution,1
revulsion,0
revulsive,0
reward,1
rewarding,1
rewardingly,1
rhapsodize,0
rhetoric,0
rhetorical,0
rich,1
riches,1
richly,1
richness,1
rid,0
ridicule,0
ridiculous,0
ridiculously,0
rife,0
rift,0
rifts,0
right,1
righten,1
righteous,1
righteously,1
righteousness,1
rightful,1
rightfully,1
rightly,1
rightness,1
rights,1
rigid,0
rigor,0
rigorous,0
rile,0
riled,0
ripe,1
risk,0
risk-free,1
risky,0
rival,0
rivalry,0
roadblocks,0
robust,1
rocky,0
rogue,0
rollercoaster,0
romantic,1
romantically,1
romanticize,1
rosy,1
rot,0
rotten,0
rough,0
rousing,1
rubbish,0
rude,0
rue,0
ruffian,0
ruffle,0
ruin,0
ruinous,0
rumbling,0
rumor,0
rumors,0
rumours,0
rumple,0
run-down,0
runaway,0
rupture,0
rusty,0
ruthless,0
ruthlessly,0
ruthlessness,0
sabotage,0
sacred,1
sacrifice,0
sad,0
sadden,0
sadly,0
sadness,0
safe,1
safeguard,1
sag,0
sagacity,1
sage,1
sagely,1
saint,1
saintliness,1
saintly,1
salable,1
salacious,0
salivate,1
salutary,1
salute,1
salvation,1
sanctimonious,0
sanctify,1
sanction,1
sanctity,1
sanctuary,1
sanguine,1
sane,1
sanity,1
sap,0
sarcasm,0
sarcastic,0
sarcastically,0
sardonic,0
sardonically,0
sass,0
satirical,0
satirize,0
satisfaction,1
satisfactorily,1
satisfactory,1
satisfy,1
satisfying,1
savage,0
savaged,0
savagely,0
savagery,0
savages,0
savor,1
savvy,1
scandal,0
scandalize,0
scandalized,0
scandalous,0
scandalously,0
scandals,0
scant,0
scapegoat,0
scar,0
scarred,0
scarce,0
scarcely,0
scarcity,0
scare,0
scared,0
scarier,0
scariest,0
scarily,0
scars,0
scary,0
scathing,0
scathingly,0
scenic,1
scheme,0
scheming,0
scoff,0
scoffingly,0
scold,0
scolding,0
scoldingly,0
scorching,0
scorchingly,0
scorn,0
scornful,0
scornfully,0
scoundrel,0
scourge,0
scowl,0
scream,0
screech,0
screw,0
scruples,1
scrupulous,1
scrupulously,1
scum,0
scummy,0
seamless,1
seasoned,1
second-class,0
second-tier,0
secretive,0
secure,1
securely,1
security,1
sedentary,0
seductive,1
seedy,0
seethe,0
seething,0
selective,1
self-coup,0
self-criticism,0
self-defeating,0
self-destructive,0
self-determination,1
self-humiliation,0
self-interest,0
self-interested,0
self-respect,1
self-satisfaction,1
self-serving,0
self-sufficiency,1
self-sufficient,1
selfinterested,0
selfish,0
selfishly,0
selfishness,0
semblance,1
senile,0
sensation,1
sensational,1
sensationalize,0
sensationally,1
sensations,1
sense,1
senseless,0
senselessly,0
sensible,1
sensibly,1
sensitive,1
sensitively,1
sensitivity,1
sentiment,1
sentimentality,1
sentimentally,1
sentiments,1
serene,1
serenity,1
serious,0
seriously,0
seriousness,0
sermonize,0
servitude,0
settle,1
set-up,0
sever,0
severe,0
severely,0
severity,0
sexy,1
shabby,0
shadow,0
shadowy,0
shady,0
shake,0
shaky,0
shallow,0
sham,0
shambles,0
shame,0
shameful,0
shamefully,0
shamefulness,0
shameless,0
shamelessly,0
shamelessness,0
shark,0
sharp,0
sharply,0
shatter,0
sheer,0
shelter,1
shield,1
shimmer,1
shimmering,1
shimmeringly,1
shine,1
shiny,1
shirk,0
shirker,0
shipwreck,0
shiver,0
shock,0
shocking,0
shockingly,0
shoddy,0
short-lived,0
shortage,0
shortchange,0
shortcoming,0
shortcomings,0
shortsighted,0
shortsightedness,0
showdown,0
shred,0
shrew,0
shrewd,1
shrewdly,1
shrewdness,1
shriek,0
shrill,0
shrilly,0
shrivel,0
shroud,0
shrouded,0
shrug,0
shun,0
shunned,0
shy,0
shyly,0
shyness,0
sick,0
sicken,0
sickly,0
sickening,0
sickeningly,0
sickness,0
sidetrack,0
sidetracked,0
siege,0
significant,1
significance,1
signify,1
sillily,0
silly,0
simmer,0
simple,1
simplicity,1
simplified,1
simplify,1
simplistic,0
simplistically,0
sin,0
sinful,0
sinfully,0
sincere,1
sincerely,1
sincerity,1
sinister,0
sinisterly,0
sinking,0
skeletons,0
skeptical,0
skeptically,0
skepticism,0
sketchy,0
skill,1
skilled,1
skillful,1
skillfully,1
skimpy,0
skittish,0
skittishly,0
skulk,0
skyrocketing,0
slack,0
slander,0
slanderer,0
slanderous,0
slanderously,0
slanders,0
slap,0
slashing,0
slaughter,0
slaughtered,0
slaves,0
sleazy,0
sleek,1
slender,1
slight,0
slightly,0
slim,1
slime,0
sloppy,0
sloppily,0
sloth,0
slothful,0
slow,0
slowly,0
slow-moving,0
slug,0
sluggish,0
slump,0
slur,0
sly,0
smack,0
smart,1
smarter,1
smartest,1
smartly,1
smash,0
smear,0
smelling,0
smile,1
smiling,1
smilingly,1
smitten,1
smokescreen,0
smolder,0
smoldering,0
smooth,1
smother,0
smoulder,0
smouldering,0
smug,0
smugly,0
smut,0
smuttier,0
smuttiest,0
smutty,0
snare,0
snarl,0
snatch,0
sneak,0
sneakily,0
sneaky,0
sneer,0
sneering,0
sneeringly,0
snub,0
so-cal,0
so-called,0
sob,0
sober,0
sobering,0
sociable,1
soft-spoken,1
soften,1
solace,1
solemn,0
solicitous,1
solicitously,1
solicitude,1
solid,1
solidarity,1
somber,0
soothe,1
soothingly,1
sophisticated,1
sore,0
sorely,0
soreness,0
sorrow,0
sorrowful,0
sorrowfully,0
sorry,0
sound,1
sounding,0
soundness,1
sour,0
sourly,0
spacious,1
spade,0
spank,0
spare,1
sparing,1
sparingly,1
sparkle,1
sparkling,1
special,1
spectacular,1
spectacularly,1
speedy,1
spellbind,1
spellbinding,1
spellbindingly,1
spellbound,1
spilling,0
spinster,0
spirit,1
spirited,1
spiritless,0
spiritual,1
spite,0
spiteful,0
spitefully,0
spitefulness,0
splendid,1
splendidly,1
splendor,1
split,0
splitting,0
spoil,0
spook,0
spookier,0
spookiest,0
spookily,0
spooky,0
spoon-fed,0
spoon-feed,0
spoonfed,0
sporadic,0
spot,0
spotless,1
spotty,0
sprightly,1
spur,1
spurious,0
spurn,0
sputter,0
squabble,0
squabbling,0
squander,0
squarely,1
squash,0
squirm,0
stab,0
stability,1
stabilize,1
stable,1
stagger,0
staggering,0
staggeringly,0
stagnant,0
stagnate,0
stagnation,0
staid,0
stain,0
stainless,1
stake,0
stale,0
stalemate,0
stammer,0
stampede,0
stand,1
standstill,0
star,1
stark,0
starkly,0
stars,1
startle,0
startling,0
startlingly,0
starvation,0
starve,0
stately,1
static,0
statuesque,1
staunch,1
staunchly,1
staunchness,1
steadfast,1
steadfastly,1
steadfastness,1
steadiness,1
steady,1
steal,0
stealing,0
steep,0
steeply,0
stellar,1
stellarly,1
stench,0
stereotype,0
stereotypical,0
stereotypically,0
stern,0
stew,0
sticky,0
stiff,0
stifle,0
stifling,0
stiflingly,0
stigma,0
stigmatize,0
stimulate,1
stimulating,1
stimulative,1
sting,0
stinging,0
stingingly,0
stink,0
stinking,0
stirring,1
stirringly,1
stodgy,0
stole,0
stolen,0
stood,1
stooge,0
stooges,0
storm,0
stormy,0
straggle,0
straggler,0
straight,1
straightforward,1
strain,0
strained,0
strange,0
strangely,0
stranger,0
strangest,0
strangle,0
streamlined,1
strenuous,0
stress,0
stressful,0
stressfully,0
stricken,0
strict,0
strictly,0
stride,1
strident,0
stridently,0
strides,1
strife,0
strike,0
striking,1
strikingly,1
stringent,0
stringently,0
striving,1
strong,1
struck,0
struggle,0
strut,0
stubborn,0
stubbornly,0
stubbornness,0
studious,1
studiously,1
stuffy,0
stumble,0
stump,0
stun,0
stunned,1
stunning,1
stunningly,1
stunt,0
stunted,0
stupendous,1
stupendously,1
stupid,0
stupidity,0
stupidly,0
stupified,0
stupify,0
stupor,0
sturdy,1
sty,0
stylish,1
stylishly,1
suave,1
subdued,0
subjected,0
subjection,0
subjugate,0
subjugation,0
sublime,1
submissive,0
subordinate,0
subscribe,1
subservience,0
subservient,0
subside,0
substandard,0
substantial,1
substantially,1
substantive,1
subtle,1
subtract,0
subversion,0
subversive,0
subversively,0
subvert,0
succeed,1
success,1
successful,1
successfully,1
succumb,0
sucker,0
suffer,0
sufferer,0
sufferers,0
suffering,0
suffice,1
sufficient,1
sufficiently,1
suffocate,0
sugar-coat,0
sugar-coated,0
sugarcoated,0
suggest,1
suggestions,1
suicidal,0
suicide,0
suit,1
suitable,1
sulk,0
sullen,0
sully,0
sumptuous,1
sumptuously,1
sumptuousness,1
sunder,0
sunny,1
super,1
superb,1
superbly,1
superficial,0
superficiality,0
superficially,0
superfluous,0
superior,1
superiority,0
superlative,1
superstition,0
superstitious,0
support,1
supporter,1
supportive,1
supposed,0
suppress,0
suppression,0
supremacy,0
supreme,1
supremely,1
supurb,1
supurbly,1
sure,1
surely,1
surge,1
surging,1
surmise,1
surmount,1
surpass,1
surrender,0
survival,1
survive,1
survivor,1
susceptible,0
suspect,0
suspicion,0
suspicions,0
suspicious,0
suspiciously,0
sustainability,1
sustainable,1
sustained,1
swagger,0
swamped,0
swear,0
sweeping,1
sweet,1
sweeten,1
sweetheart,1
sweetly,1
sweetness,1
swift,1
swiftness,1
swindle,0
swipe,0
swoon,0
swore,0
sworn,1
sympathetic,0
sympathetically,0
sympathies,0
sympathize,0
sympathy,0
symptom,0
syndrome,0
taboo,0
tact,1
taint,0
tainted,0
talent,1
talented,1
tamper,0
tangled,0
tantalize,1
tantalizing,1
tantalizingly,1
tantrum,0
tardy,0
tarnish,0
taste,1
tattered,0
taunt,0
taunting,0
tauntingly,0
taunts,0
tawdry,0
tease,0
teasingly,0
taxing,0
tedious,0
tediously,0
temerity,0
temper,0
temperance,1
temperate,1
tempest,0
tempt,1
temptation,0
tempting,1
temptingly,1
tenacious,1
tenaciously,1
tenacity,1
tender,1
tenderly,1
tenderness,1
tense,0
tension,0
tentative,0
tentatively,0
tenuous,0
tenuously,0
tepid,0
terrible,0
terribleness,0
terribly,0
terrific,1
terrifically,1
terrified,1
terrify,1
terrifying,1
terrifyingly,1
terror,0
terror-genic,0
terrorism,0
terrorize,0
thank,1
thankful,1
thankfully,1
thankless,0
thinkable,1
thirst,0
thorny,0
thorough,1
thoughtful,1
thoughtfully,1
thoughtfulness,1
thoughtless,0
thoughtlessly,0
thoughtlessness,0
thrash,0
threat,0
threaten,0
threatening,0
threats,0
thrift,1
thrifty,1
thrill,1
thrilling,1
thrillingly,1
thrills,1
thrive,1
thriving,1
throttle,0
throw,0
thumb,0
thumbs,0
thwart,0
tickle,1
tidy,1
time-honored,1
timely,1
timid,0
timidity,0
timidly,0
timidness,0
tingle,1
tiny,0
tire,0
tired,0
tiresome,0
tiring,0
tiringly,0
titillate,1
titillating,1
titillatingly,1
toast,1
togetherness,1
toil,0
tolerable,1
tolerably,1
tolerance,1
tolerant,1
tolerantly,1
tolerate,1
toleration,1
toll,0
too,0
top,1
topple,0
torment,0
tormented,0
torrent,0
torrid,1
torridly,1
torture,0
tortured,0
tortuous,0
torturous,0
torturously,0
totalitarian,0
tradition,1
traditional,1
touchy,0
toughness,0
toxic,0
traduce,0
tragedy,0
tragic,0
tragically,0
traitor,0
traitorous,0
traitorously,0
tramp,0
trample,0
tranquil,1
tranquility,1
transgress,0
transgression,0
trauma,0
traumatic,0
traumatically,0
traumatize,0
traumatized,0
travesties,0
travesty,0
treacherous,0
treacherously,0
treachery,0
treason,0
treasonous,0
treasure,1
treat,1
tremendous,1
tremendously,1
trendy,1
trepidation,1
trial,0
tribute,1
trick,0
tricky,0
trickery,0
trim,1
triumph,1
triumphal,1
triumphant,1
triumphantly,1
trivial,0
trivialize,0
trivially,0
trouble,0
troublemaker,0
troublesome,0
troublesomely,0
troubling,0
troublingly,0
truant,0
truculent,1
truculently,1
true,1
truly,1
trump,1
trumpet,1
trust,1
trusting,1
trustingly,1
trustworthiness,1
trustworthy,1
truth,1
truthful,1
truthfully,1
truthfulness,1
try,0
trying,0
tumultuous,0
turbulent,0
turmoil,0
twinkly,1
twist,0
twisted,0
twists,0
tyrannical,0
tyrannically,0
tyranny,0
tyrant,0
ugh,0
ugliness,0
ugly,0
ulterior,0
ultimate,1
ultimately,1
ultimatum,0
ultimatums,0
ultra,1
ultra-hardline,0
unabashed,1
unabashedly,1
unable,0
unacceptable,0
unacceptablely,0
unaccustomed,0
unanimous,1
unassailable,1
unattractive,0
unauthentic,0
unavailable,0
unavoidable,0
unavoidably,0
unbiased,1
unbearable,0
unbearablely,0
unbelievable,0
unbelievably,0
unbosom,1
unbound,1
unbroken,1
uncertain,0
uncivil,0
uncivilized,0
unclean,0
unclear,0
uncollectible,0
uncomfortable,0
uncommon,1
uncommonly,1
uncompetitive,0
uncompromising,0
uncompromisingly,0
unconcerned,1
unconditional,1
unconfirmed,0
unconstitutional,0
uncontrolled,0
unconventional,1
unconvincing,0
unconvincingly,0
uncouth,0
undaunted,1
undecided,0
undefined,0
undependability,0
undependable,0
underdog,0
underestimate,0
underlings,0
undermine,0
underpaid,0
understand,1
understandable,1
understanding,1
understood,1
understate,1
understated,1
understatedly,1
undesirable,0
undetermined,0
undid,0
undignified,0
undisputable,1
undisputably,1
undisputed,1
undo,0
undocumented,0
undone,0
undoubted,1
undoubtedly,1
undue,0
unease,0
uneasily,0
uneasiness,0
uneasy,0
uneconomical,0
unencumbered,1
unequal,0
unequivocal,1
unequivocally,1
unethical,0
uneven,0
uneventful,0
unexpected,0
unexpectedly,0
unexplained,0
unfair,0
unfairly,0
unfaithful,0
unfaithfully,0
unfamiliar,0
unfavorable,0
unfazed,1
unfeeling,0
unfettered,1
unfinished,0
unfit,0
unforeseen,0
unforgettable,1
unfortunate,0
unfortunately,0
unfounded,0
unfriendly,0
unfulfilled,0
unfunded,0
ungrateful,0
ungovernable,0
unhappily,0
unhappiness,0
unhappy,0
unhealthy,0
uniform,1
uniformly,1
unilateralism,0
unimaginable,0
unimaginably,0
unimportant,0
uninformed,0
uninsured,0
unipolar,0
unique,1
unity,1
universal,1
unjust,0
unjustifiable,0
unjustifiably,0
unjustified,0
unjustly,0
unkind,0
unkindly,0
unlamentable,0
unlamentably,0
unlawful,0
unlawfully,0
unlawfulness,0
unleash,0
unlicensed,0
unlikely,0
unlimited,1
unlucky,0
unmoved,0
unnatural,0
unnaturally,0
unnecessary,0
unneeded,0
unnerve,0
unnerved,0
unnerving,0
unnervingly,0
unnoticed,0
unobserved,0
unorthodox,0
unorthodoxy,0
unparalleled,1
unpleasant,0
unpleasantries,0
unpopular,0
unprecedent,0
unprecedented,0
unpredictable,0
unprepared,0
unpretentious,1
unproductive,0
unprofitable,0
unqualified,0
unquestionable,1
unquestionably,1
unravel,0
unraveled,0
unrealistic,0
unreasonable,0
unreasonably,0
unrelenting,0
unrelentingly,0
unreliability,0
unreliable,0
unresolved,0
unrest,0
unrestricted,1
unruly,0
unsafe,0
unsatisfactory,0
unsavory,0
unscathed,1
unscrupulous,0
unscrupulously,0
unseemly,0
unselfish,1
unsettle,0
unsettled,0
unsettling,0
unsettlingly,0
unskilled,0
unsophisticated,0
unsound,0
unspeakable,0
unspeakablely,0
unspecified,0
unstable,0
unsteadily,0
unsteadiness,0
unsteady,0
unsuccessful,0
unsuccessfully,0
unsupported,0
unsure,0
unsuspecting,0
unsustainable,0
untenable,0
untested,0
unthinkable,0
unthinkably,0
untimely,0
untouched,1
untrained,1
untrue,0
untrustworthy,0
untruthful,0
unusual,0
unusually,0
unwanted,0
unwarranted,0
unwelcome,0
unwieldy,0
unwilling,0
unwillingly,0
unwillingness,0
unwise,0
unwisely,0
unworkable,0
unworthy,0
unyielding,0
upbeat,1
upbraid,0
upfront,1
upgrade,1
upheaval,0
upheld,1
uphold,1
uplift,1
uplifting,1
upliftingly,1
upliftment,1
upright,1
uprising,0
uproar,0
uproarious,0
uproariously,0
uproarous,0
uproarously,0
uproot,0
upscale,1
upset,0
upsetting,0
upsettingly,0
upside,1
upward,1
urge,1
urgency,0
urgent,0
urgently,0
usable,1
useful,1
usefulness,1
useless,0
usurp,0
usurper,0
utilitarian,1
utmost,1
utter,0
utterly,0
uttermost,1
vagrant,0
vague,0
vagueness,0
vain,0
vainly,0
valiant,1
valiantly,1
valid,1
validity,1
valor,1
valuable,1
value,1
values,1
vanish,0
vanity,0
vanquish,1
vast,1
vastly,1
vastness,1
vehement,0
vehemently,0
venerable,1
venerably,1
venerate,1
vengeance,0
vengeful,0
vengefully,0
vengefulness,0
venom,0
venomous,0
venomously,0
vent,0
verifiable,1
veritable,1
versatile,1
versatility,1
vestiges,0
veto,0
vex,0
vexation,0
vexing,0
vexingly,0
viable,1
viability,1
vibrant,1
vibrantly,1
vice,0
vicious,0
viciously,0
viciousness,0
victimize,0
victorious,1
victory,1
vie,0
vigilance,1
vigilant,1
vigorous,1
vigorously,1
vile,0
vileness,0
vilify,0
villainous,0
villainously,0
villains,0
villian,0
villianous,0
villianously,0
villify,0
vindicate,1
vindictive,0
vindictively,0
vindictiveness,0
vintage,1
violate,0
violation,0
violator,0
violent,0
violently,0
viper,0
virtue,1
virtuous,1
virtuously,1
virulence,0
virulent,0
virulently,0
virus,0
visionary,1
vital,1
vitality,1
vivacious,1
vivid,1
vocally,0
vociferous,0
vociferously,0
void,0
volatile,0
volatility,0
voluntarily,1
voluntary,1
vomit,0
vouch,1
vouchsafe,1
vow,1
vulgar,0
vulnerable,1
wail,0
wallow,0
wane,0
waning,0
want,1
wanton,0
war,0
war-like,0
warfare,0
warlike,0
warm,1
warmhearted,1
warmly,1
warmth,1
warning,0
warp,0
warped,0
wary,0
warily,0
wariness,0
waste,0
wasteful,0
wastefulness,0
watchdog,0
wayward,0
weak,0
weaken,0
weakening,0
weakness,0
weaknesses,0
wealthy,1
weariness,0
wearisome,0
weary,0
wedge,0
wee,0
weed,0
weep,0
weird,0
weirdly,0
welcome,1
welfare,1
well,1
well-being,1
well-connected,1
well-educated,1
well-established,1
well-informed,1
well-intentioned,1
well-managed,1
well-positioned,1
well-publicized,1
well-received,1
well-regarded,1
well-run,1
well-wishers,1
wellbeing,1
whatever,0
wheedle,0
whimper,0
whimsical,1
whine,0
whips,0
white,1
wholeheartedly,1
wholesome,1
wicked,0
wickedly,0
wickedness,0
wide,1
wide-open,1
wide-ranging,1
widespread,0
wild,0
wildly,0
wiles,0
will,1
willful,1
willfully,1
willing,1
willingness,1
wilt,0
wily,0
wince,0
wink,1
winnable,1
winners,1
wisdom,1
wise,1
wisely,1
wish,1
wishes,1
wishing,1
withheld,0
withhold,0
witty,1
woe,0
woebegone,0
woeful,0
woefully,0
wonder,1
wonderful,1
wonderfully,1
wonderous,1
wonderously,1
wondrous,1
woo,1
workable,1
world-famous,1
worn,0
worried,0
worriedly,0
worrier,0
worries,0
worrisome,0
worry,0
worrying,0
worryingly,0
worse,0
worsen,0
worsening,0
worship,1
worst,0
worth,1
worth-while,1
worthiness,1
worthless,0
worthlessly,0
worthlessness,0
worthwhile,1
worthy,1
wound,0
wounds,0
wow,1
wreck,0
wrangle,0
wrath,0
wrest,0
wrestle,0
wretch,0
wretched,0
wretchedly,0
wretchedness,0
writhe,0
wrong,0
wrongful,0
wrongly,0
wrought,0
wry,1
yawn,0
yearn,1
yearning,1
yearningly,1
yelp,0
yep,1
yes,1
youthful,1
zeal,1
zealot,0
zealous,0
zealously,0
zenith,1
zest,1
